-- Users
INSERT INTO users (id, username, email, password_hash, salt, bio, first_name, last_name, is_admin, created_at, updated_at) VALUES
(1, 'yavuz', 'yavuz@example.com', 'Bkk2SgDYMmQH909ioc5umumirZBiG5JKO5iLwGYX2yY=', 'umVQZBx0Mmdvl0L1Wy2cM4Y2KTAPXWvjQPP428IYTTE=', 'Yavuz''s profile', 'Yavuz', 'User', 0, '2025-05-19 17:09:25', '2025-05-19 17:09:25'),
(2, 'bugra', 'bugra@example.com', 'jUydZXrn+9nfftyzSPrWpxMlXb+j8qQvwEQ+ovlmvpY=', 'j5JEQGOn5rr1sLqHiaVjfxH3YtkfAVyktmKA29hNPcY=', 'Bugra''s profile', 'Bugra', 'User', 0, '2025-05-19 17:09:25', '2025-05-19 17:09:25'),
(3, 'enes', 'enes@example.com', 'l33evtGCjkDu7XvrXu29Ucg59h8ZiVHD+D4Ek4CwOus=', 'ydzwT6PaqEhZZPYJTjusLT8kPzeNJg1Pud3oUS300Cw=', 'Enes''s profile', 'Enes', 'User', 0, '2025-05-19 17:09:25', '2025-05-19 17:09:25'),
(11, 'batu', 'batu@example.com', 'BsS3Qh0Ef0r5Jszsg3YFC5piB5POv08i83ywFz8iXg8=', '6peA//A2lnbqpKUrLEX7jhN528P8JDPjfLrzw71ILFQ=', 'Batu''s profile', 'Batu', 'User', 0, '2025-05-19 17:09:25', '2025-05-19 17:09:25'),
(12, 'ece', 'ece@example.com', '8ErBoDW0Erbnd4wkplNGQRjsAACCm9mOS3iTqhlAPzM=', '71BH9f+NWE4kQ4lk5/CLCiEtfMolsitEcU5VMToM+sw=', 'Ece''s profile', 'Ece', 'User', 0, '2025-05-19 17:09:25', '2025-05-19 17:09:25'),
(6, 'ayşe', 'ayşe@example.com', '9mAt4uVqkIf+DnO0HbkWjeEOJFMJfuJhV43q5kLrBCU=', '1KcvTnAE0cppAW4+SNZlmld7HHcW1vez+Xyfw9NpPNg=', 'Ayşe''s profile', 'Ayşe', 'User', 0, '2025-05-19 17:09:25', '2025-05-19 17:09:25'),
(7, 'halil', 'halil@example.com', 'WSDrMF2Qyb6pvy1Aq7FyC6EOmDCt/2EAgx3Nj5SzH8w=', 'YJ2ZsgifW9Vdi9zL3v006d7btV3SK3xx6wRIXQz9FUw=', 'Halil''s profile', 'Halil', 'User', 0, '2025-05-19 17:09:25', '2025-05-19 17:09:25'),
(8, 'zeynep', 'zeynep@example.com', 'RLYdIgV/WuRWWZhXYawwSR1aY6TqFAvte7uc/9W75tk=', 'LX+otnNw2vM/xCOeCecMVIVChfT+1LSkatRBjwgAyT8=', 'Zeynep''s profile', 'Zeynep', 'User', 0, '2025-05-19 17:09:25', '2025-05-19 17:09:25'),
(9, 'kerem', 'kerem@example.com', 'rGvWh7hbagwf9iVhuSlXrujUjPFjfwRS9VJG77ku0T4=', 'sjdJ0QcgxAmCKJGTqDWmcwWwJbnP7M13/EpdqgWpBp0=', 'Kerem''s profile', 'Kerem', 'User', 0, '2025-05-19 17:09:25', '2025-05-19 17:09:25'),
(10, 'şeyma', 'şeyma@example.com', 'ZOz7TKmXhQ6MVMVpE83q5eXRWjv37oEpLIME9pUmrlA=', 'AB8R8brxuy9jHwfGreytxFN82Odf6PtdlM9LLgYbC+o=', 'Şeyma''s profile', 'Şeyma', 'User', 0, '2025-05-19 17:09:25', '2025-05-19 17:09:25');

-- Flashcard Sets
INSERT INTO flashcard_sets (id, user_id, title, description, visibility, cover_image_url, created_at, updated_at) VALUES
(1, 1, 'Data Structures and Algorithms', 'Essential algorithms and data structures', 'private', NULL, '2025-05-19 17:09:25', '2025-05-19 17:09:25'),
(2, 1, 'Frontend Development', 'HTML, CSS, JavaScript and frameworks', 'friends', NULL, '2025-05-19 17:09:25', '2025-05-19 17:09:25'),
(3, 1, 'Computer Engineering Fundamentals', 'Basic concepts in computer engineering', 'public' , NULL, '2025-05-19 17:09:25', '2025-05-19 17:09:25'),
(4, 2, 'Database Systems', 'SQL, NoSQL and database concepts', 'private' , NULL, '2025-05-19 17:09:25', '2025-05-19 17:09:25'),
(5, 2, 'Operating Systems', 'OS concepts and architecture', 'friends', NULL, '2025-05-19 17:09:25', '2025-05-19 17:09:25'),
(6, 3, 'Network Fundamentals', 'Networking and protocols', 'public', NULL, '2025-05-19 17:09:25', '2025-05-19 17:09:25'),
(7, 3, 'Pharmacology', 'Drug classifications and effects', 'public', NULL, '2025-05-19 17:09:25', '2025-05-19 17:09:25'),
(8, 3, 'Medicine Basics', 'Fundamental medical concepts', 'private', NULL, '2025-05-19 17:09:25', '2025-05-19 17:09:25'),
(9, 4, 'Database Systems', 'SQL, NoSQL and database concepts', 'public', NULL, '2025-05-19 17:09:25', '2025-05-19 17:09:25'),
(10, 4, 'Pokemon Collection', 'Famous pokemon and their types', 'public', NULL, '2025-05-19 17:09:25', '2025-05-19 17:09:25'),
(11, 11, 'Data Structures and Algorithms', 'Essential algorithms and data structures', 'friends', NULL, '2025-05-19 17:09:25', '2025-05-19 17:09:25'),
(12, 11, 'Network Fundamentals', 'Networking and protocols', 'friends', NULL, '2025-05-19 17:09:25', '2025-05-19 17:09:25'),
(13, 12, 'Database Systems', 'SQL, NoSQL and database concepts', 'public', NULL, '2025-05-19 17:09:25', '2025-05-19 17:09:25'),
(14, 12, 'Data Structures and Algorithms', 'Essential algorithms and data structures', 'private', NULL, '2025-05-19 17:09:25', '2025-05-19 17:09:25'),
(15, 7, 'Database Systems', 'SQL, NoSQL and database concepts', 'friends', NULL, '2025-05-19 17:09:25', '2025-05-19 17:09:25'),
(16, 8, 'Medicine Basics', 'Fundamental medical concepts', 'public', NULL, '2025-05-19 17:09:25', '2025-05-19 17:09:25'),
(17, 8, 'Computer Engineering Fundamentals', 'Basic concepts in computer engineering', 'friends', NULL, '2025-05-19 17:09:25', '2025-05-19 17:09:25'),
(18, 9, 'Database Systems', 'SQL, NoSQL and database concepts', 'friends', NULL, '2025-05-19 17:09:25', '2025-05-19 17:09:25'),
(19, 9, 'Network Fundamentals', 'Networking and protocols', 'private', NULL, '2025-05-19 17:09:25', '2025-05-19 17:09:25'),
(20, 9, 'Network Fundamentals', 'Networking and protocols', 'private', NULL, '2025-05-19 17:09:25', '2025-05-19 17:09:25'),
(21, 10, 'Operating Systems', 'OS concepts and architecture', 'public', NULL, '2025-05-19 17:09:25', '2025-05-19 17:09:25'),
(22, 10, 'Computer Engineering Fundamentals', 'Basic concepts in computer engineering', 'friends', NULL, '2025-05-19 17:09:25', '2025-05-19 17:09:25');

-- Flashcards
INSERT INTO flashcards (id, set_id, term, definition, image_url, example_sentence, created_at, updated_at) VALUES
(1, 1, 'Array', 'A collection of elements stored at contiguous memory locations', NULL, NULL, '2025-05-19 17:09:25', '2025-05-19 17:09:25'),
(2, 1, 'Linked List', 'A linear data structure where elements are stored in nodes with references to the next node', NULL, NULL, '2025-05-19 17:09:25', '2025-05-19 17:09:25'),
(3, 1, 'Stack', 'LIFO (Last In First Out) data structure with push and pop operations', NULL, NULL, '2025-05-19 17:09:25', '2025-05-19 17:09:25'),
(4, 1, 'Queue', 'FIFO (First In First Out) data structure with enqueue and dequeue operations', NULL, NULL, '2025-05-19 17:09:25', '2025-05-19 17:09:25'),
(5, 1, 'Binary Search', 'A search algorithm that finds the position of a target value within a sorted array', NULL, NULL, '2025-05-19 17:09:25', '2025-05-19 17:09:25'),
(6, 1, 'Merge Sort', 'An efficient, stable, comparison-based, divide and conquer sorting algorithm', NULL, NULL, '2025-05-19 17:09:25', '2025-05-19 17:09:25'),
(7, 1, 'Quick Sort', 'An efficient sorting algorithm that uses divide and conquer', NULL, NULL, '2025-05-19 17:09:25', '2025-05-19 17:09:25'),
(8, 2, 'HTML', 'HyperText Markup Language - the standard language for creating web pages', NULL, NULL, '2025-05-19 17:09:25', '2025-05-19 17:09:25'),
(9, 2, 'CSS', 'Cascading Style Sheets - used for styling and layout of web pages', NULL, NULL, '2025-05-19 17:09:25', '2025-05-19 17:09:25'),
(10, 2, 'JavaScript', 'A programming language that enables interactive web pages', NULL, NULL, '2025-05-19 17:09:25', '2025-05-19 17:09:25'),
(11, 2, 'React', 'A JavaScript library for building user interfaces', NULL, NULL, '2025-05-19 17:09:25', '2025-05-19 17:09:25'),
(12, 2, 'DOM', 'Document Object Model - programming interface for web documents', NULL, NULL, '2025-05-19 17:09:25', '2025-05-19 17:09:25'),
(13, 2, 'Responsive Design', 'Design approach to make web pages render well on different devices/screen sizes', NULL, NULL, '2025-05-19 17:09:25', '2025-05-19 17:09:25'),
(14, 2, 'Bootstrap', 'A front-end framework for developing responsive and mobile-first websites', NULL, NULL, '2025-05-19 17:09:25', '2025-05-19 17:09:25'),
(15, 2, 'Sass', 'Syntactically Awesome Style Sheets - a preprocessor scripting language that is interpreted or compiled into CSS', NULL, NULL, '2025-05-19 17:09:25', '2025-05-19 17:09:25'),
(16, 3, 'CPU', 'Central Processing Unit - the ''brain'' of the computer that executes instructions', NULL, NULL, '2025-05-19 17:09:25', '2025-05-19 17:09:25'),
(17, 3, 'RAM', 'Random Access Memory - temporary storage used by running programs', NULL, NULL, '2025-05-19 17:09:25', '2025-05-19 17:09:25'),
(18, 3, 'Algorithm', 'A step-by-step procedure for solving a problem or accomplishing a task', NULL, NULL, '2025-05-19 17:09:25', '2025-05-19 17:09:25'),
(19, 3, 'Bit', 'The smallest unit of digital information (0 or 1)', NULL, NULL, '2025-05-19 17:09:25', '2025-05-19 17:09:25'),
(20, 3, 'Boolean Logic', 'A form of algebra dealing with true/false values and operations', NULL, NULL, '2025-05-19 17:09:25', '2025-05-19 17:09:25'),
(21, 3, 'Cache', 'A high-speed storage mechanism for temporary storage of data', NULL, NULL, '2025-05-19 17:09:25', '2025-05-19 17:09:25'),
(22, 4, 'SQL', 'Structured Query Language - used to communicate with a relational database', NULL, NULL, '2025-05-19 17:09:25', '2025-05-19 17:09:25'),
(23, 4, 'NoSQL', 'Database that provides a mechanism for storage and retrieval of data not using tabular relations', NULL, NULL, '2025-05-19 17:09:25', '2025-05-19 17:09:25'),
(24, 4, 'ACID', 'Atomicity, Consistency, Isolation, Durability - properties of database transactions', NULL, NULL, '2025-05-19 17:09:25', '2025-05-19 17:09:25'),
(25, 4, 'Index', 'A data structure that improves the speed of data retrieval operations', NULL, NULL, '2025-05-19 17:09:25', '2025-05-19 17:09:25'),
(26, 4, 'Normalization', 'Process of organizing data to reduce redundancy and improve integrity', NULL, NULL, '2025-05-19 17:09:25', '2025-05-19 17:09:25'),
(27, 4, 'JOIN', 'SQL clause used to combine rows from two or more tables', NULL, NULL, '2025-05-19 17:09:25', '2025-05-19 17:09:25'),
(28, 5, 'Kernel', 'Core component of an operating system with complete control over everything in the system', NULL, NULL, '2025-05-19 17:09:25', '2025-05-19 17:09:25'),
(29, 5, 'Process', 'An instance of a computer program being executed', NULL, NULL, '2025-05-19 17:09:25', '2025-05-19 17:09:25'),
(30, 5, 'Thread', 'A path of execution within a process', NULL, NULL, '2025-05-19 17:09:25', '2025-05-19 17:09:25'),
(31, 5, 'Deadlock', 'A situation where two or more processes are unable to proceed because each is waiting for resources', NULL, NULL, '2025-05-19 17:09:25', '2025-05-19 17:09:25'),
(32, 5, 'Virtual Memory', 'Memory management technique that provides an idealized abstraction of storage resources', NULL, NULL, '2025-05-19 17:09:25', '2025-05-19 17:09:25'),
(33, 5, 'File System', 'Method and data structure that the OS uses to control how data is stored and retrieved', NULL, NULL, '2025-05-19 17:09:25', '2025-05-19 17:09:25'),
(34, 5, 'Semaphore', 'Variable or abstract data type used to control access to a common resource in concurrent programming', NULL, NULL, '2025-05-19 17:09:25', '2025-05-19 17:09:25'),
(35, 5, 'Mutex', 'Mutual exclusion - a synchronization primitive that allows multiple threads to share the same resource', NULL, NULL, '2025-05-19 17:09:25', '2025-05-19 17:09:25'),
(36, 6, 'IP Address', 'Numerical label assigned to each device connected to a computer network', NULL, NULL, '2025-05-19 17:09:25', '2025-05-19 17:09:25'),
(37, 6, 'TCP', 'Transmission Control Protocol - provides reliable, ordered, and error-checked delivery of data', NULL, NULL, '2025-05-19 17:09:25', '2025-05-19 17:09:25'),
(38, 6, 'DNS', 'Domain Name System - translates domain names to IP addresses', NULL, NULL, '2025-05-19 17:09:25', '2025-05-19 17:09:25'),
(39, 6, 'HTTP', 'Hypertext Transfer Protocol - foundation of data communication on the web', NULL, NULL, '2025-05-19 17:09:25', '2025-05-19 17:09:25'),
(40, 6, 'Router', 'Networking device that forwards data packets between computer networks', NULL, NULL, '2025-05-19 17:09:25', '2025-05-19 17:09:25'),
(41, 6, 'Firewall', 'Network security system that monitors and controls incoming and outgoing network traffic', NULL, NULL, '2025-05-19 17:09:25', '2025-05-19 17:09:25'),
(42, 7, 'Drug Absorption', 'Movement of a drug from its site of administration into the bloodstream', NULL, NULL, '2025-05-19 17:09:25', '2025-05-19 17:09:25'),
(43, 7, 'Half-life', 'Time required for a quantity to reduce to half of its initial value', NULL, NULL, '2025-05-19 17:09:25', '2025-05-19 17:09:25'),
(44, 7, 'Therapeutic Index', 'Ratio of the dose that produces toxicity to the dose needed for therapy', NULL, NULL, '2025-05-19 17:09:25', '2025-05-19 17:09:25'),
(45, 7, 'Receptor', 'Protein molecule to which drugs bind to produce their effects', NULL, NULL, '2025-05-19 17:09:25', '2025-05-19 17:09:25'),
(46, 7, 'Agonist', 'Drug that binds to a receptor and triggers a response', NULL, NULL, '2025-05-19 17:09:25', '2025-05-19 17:09:25'),
(47, 7, 'Antagonist', 'Drug that blocks or dampens a biological response by binding to and blocking a receptor', NULL, NULL, '2025-05-19 17:09:25', '2025-05-19 17:09:25'),
(48, 8, 'Anatomy', 'Branch of biology concerned with the study of the structure of organisms', NULL, NULL, '2025-05-19 17:09:25', '2025-05-19 17:09:25'),
(49, 8, 'Physiology', 'Branch of biology that deals with the normal functions of living organisms', NULL, NULL, '2025-05-19 17:09:25', '2025-05-19 17:09:25'),
(50, 8, 'Pathology', 'Study of the causes and effects of disease or injury', NULL, NULL, '2025-05-19 17:09:25', '2025-05-19 17:09:25'),
(51, 8, 'Etiology', 'Study of causation or origination of disease', NULL, NULL, '2025-05-19 17:09:25', '2025-05-19 17:09:25'),
(52, 8, 'Diagnosis', 'Identification of the nature of an illness or problem', NULL, NULL, '2025-05-19 17:09:25', '2025-05-19 17:09:25'),
(53, 8, 'Prognosis', 'Forecast of the likely outcome of a disease', NULL, NULL, '2025-05-19 17:09:25', '2025-05-19 17:09:25'),
(54, 8, 'Therapy', 'Treatment intended to relieve or heal a disorder', NULL, NULL, '2025-05-19 17:09:25', '2025-05-19 17:09:25'),
(55, 9, 'SQL', 'Structured Query Language - used to communicate with a relational database', NULL, NULL, '2025-05-19 17:09:25', '2025-05-19 17:09:25'),
(56, 9, 'NoSQL', 'Database that provides a mechanism for storage and retrieval of data not using tabular relations', NULL, NULL, '2025-05-19 17:09:25', '2025-05-19 17:09:25'),
(57, 9, 'ACID', 'Atomicity, Consistency, Isolation, Durability - properties of database transactions', NULL, NULL, '2025-05-19 17:09:25', '2025-05-19 17:09:25'),
(58, 9, 'Index', 'A data structure that improves the speed of data retrieval operations', NULL, NULL, '2025-05-19 17:09:25', '2025-05-19 17:09:25'),
(59, 9, 'Normalization', 'Process of organizing data to reduce redundancy and improve integrity', NULL, NULL, '2025-05-19 17:09:25', '2025-05-19 17:09:25'),
(60, 9, 'JOIN', 'SQL clause used to combine rows from two or more tables', NULL, NULL, '2025-05-19 17:09:25', '2025-05-19 17:09:25'),
(61, 9, 'Foreign Key', 'A field in one table that uniquely identifies a row of another table', NULL, NULL, '2025-05-19 17:09:25', '2025-05-19 17:09:25'),
(62, 9, 'Primary Key', 'A unique identifier for a record in a table', NULL, NULL, '2025-05-19 17:09:25', '2025-05-19 17:09:25'),
(63, 10, 'Gastly', 'Ghost/Poison-type Pokemon.', NULL, NULL, '2025-05-19 17:09:25', '2025-05-19 17:09:25'),
(64, 10, 'Pidgey', 'Normal/Flying-type Pokemon known for its speed and agility', NULL, NULL, '2025-05-19 17:09:25', '2025-05-19 17:09:25'),
(65, 10, 'Eevee', 'Normal-type Pokemon with multiple evolution options', NULL, NULL, '2025-05-19 17:09:25', '2025-05-19 17:09:25'),
(66, 10, 'Gyarados', 'Water/Flying-type Pokemon known for its ferocity and power', NULL, NULL, '2025-05-19 17:09:25', '2025-05-19 17:09:25'),
(67, 10, 'Onix', 'Rock/Ground-type Pokemon resembling a giant snake made of boulders', NULL, NULL, '2025-05-19 17:09:25', '2025-05-19 17:09:25'),
(68, 10, 'Machamp', 'Fighting-type Pokemon known for its four arms and strength', NULL, NULL, '2025-05-19 17:09:25', '2025-05-19 17:09:25'),
(69, 10, 'Alakazam', 'Psychic-type Pokemon known for its high intelligence and psychic abilities', NULL, NULL, '2025-05-19 17:09:25', '2025-05-19 17:09:25'),
(70, 11, 'Array', 'A collection of elements stored at contiguous memory locations', NULL, NULL, '2025-05-19 17:09:25', '2025-05-19 17:09:25'),
(71, 11, 'Linked List', 'A linear data structure where elements are stored in nodes with references to the next node', NULL, NULL, '2025-05-19 17:09:25', '2025-05-19 17:09:25'),
(72, 11, 'Stack', 'LIFO (Last In First Out) data structure with push and pop operations', NULL, NULL, '2025-05-19 17:09:25', '2025-05-19 17:09:25'),
(73, 11, 'Queue', 'FIFO (First In First Out) data structure with enqueue and dequeue operations', NULL, NULL, '2025-05-19 17:09:25', '2025-05-19 17:09:25'),
(74, 11, 'Binary Search', 'A search algorithm that finds the position of a target value within a sorted array', NULL, NULL, '2025-05-19 17:09:25', '2025-05-19 17:09:25'),
(75, 11, 'Merge Sort', 'An efficient, stable, comparison-based, divide and conquer sorting algorithm', NULL, NULL, '2025-05-19 17:09:25', '2025-05-19 17:09:25'),
(76, 11, 'Quick Sort', 'An efficient sorting algorithm that uses divide and conquer', NULL, NULL, '2025-05-19 17:09:25', '2025-05-19 17:09:25'),
(77, 12, 'IP Address', 'Numerical label assigned to each device connected to a computer network', NULL, NULL, '2025-05-19 17:09:25', '2025-05-19 17:09:25'),
(78, 12, 'TCP', 'Transmission Control Protocol - provides reliable, ordered, and error-checked delivery of data', NULL, NULL, '2025-05-19 17:09:25', '2025-05-19 17:09:25'),
(79, 12, 'DNS', 'Domain Name System - translates domain names to IP addresses', NULL, NULL, '2025-05-19 17:09:25', '2025-05-19 17:09:25'),
(80, 12, 'HTTP', 'Hypertext Transfer Protocol - foundation of data communication on the web', NULL, NULL, '2025-05-19 17:09:25', '2025-05-19 17:09:25'),
(81, 12, 'Router', 'Networking device that forwards data packets between computer networks', NULL, NULL, '2025-05-19 17:09:25', '2025-05-19 17:09:25'),
(82, 12, 'Firewall', 'Network security system that monitors and controls incoming and outgoing network traffic', NULL, NULL, '2025-05-19 17:09:25', '2025-05-19 17:09:25'),
(83, 12, 'VPN', 'Virtual Private Network - extends a private network across a public network', NULL, NULL, '2025-05-19 17:09:25', '2025-05-19 17:09:25'),
(84, 13, 'SQL', 'Structured Query Language - used to communicate with a relational database', NULL, NULL, '2025-05-19 17:09:25', '2025-05-19 17:09:25'),
(85, 13, 'NoSQL', 'Database that provides a mechanism for storage and retrieval of data not using tabular relations', NULL, NULL, '2025-05-19 17:09:25', '2025-05-19 17:09:25'),
(86, 13, 'ACID', 'Atomicity, Consistency, Isolation, Durability - properties of database transactions', NULL, NULL, '2025-05-19 17:09:25', '2025-05-19 17:09:25'),
(87, 13, 'Index', 'A data structure that improves the speed of data retrieval operations', NULL, NULL, '2025-05-19 17:09:25', '2025-05-19 17:09:25'),
(88, 13, 'Normalization', 'Process of organizing data to reduce redundancy and improve integrity', NULL, NULL, '2025-05-19 17:09:25', '2025-05-19 17:09:25'),
(89, 13, 'JOIN', 'SQL clause used to combine rows from two or more tables', NULL, NULL, '2025-05-19 17:09:25', '2025-05-19 17:09:25'),
(90, 14, 'Array', 'A collection of elements stored at contiguous memory locations', NULL, NULL, '2025-05-19 17:09:25', '2025-05-19 17:09:25'),
(91, 14, 'Linked List', 'A linear data structure where elements are stored in nodes with references to the next node', NULL, NULL, '2025-05-19 17:09:25', '2025-05-19 17:09:25'),
(92, 14, 'Stack', 'LIFO (Last In First Out) data structure with push and pop operations', NULL, NULL, '2025-05-19 17:09:25', '2025-05-19 17:09:25'),
(93, 14, 'Queue', 'FIFO (First In First Out) data structure with enqueue and dequeue operations', NULL, NULL, '2025-05-19 17:09:25', '2025-05-19 17:09:25'),
(94, 14, 'Binary Search', 'A search algorithm that finds the position of a target value within a sorted array', NULL, NULL, '2025-05-19 17:09:25', '2025-05-19 17:09:25'),
(95, 14, 'Merge Sort', 'An efficient, stable, comparison-based, divide and conquer sorting algorithm', NULL, NULL, '2025-05-19 17:09:25', '2025-05-19 17:09:25'),
(96, 14, 'Quick Sort', 'An efficient sorting algorithm that uses divide and conquer', NULL, NULL, '2025-05-19 17:09:25', '2025-05-19 17:09:25'),
(97, 14, 'Hash Table', 'A data structure that implements an associative array abstract data type', NULL, NULL, '2025-05-19 17:09:25', '2025-05-19 17:09:25'),
(98, 15, 'SQL', 'Structured Query Language - used to communicate with a relational database', NULL, NULL, '2025-05-19 17:09:25', '2025-05-19 17:09:25'),
(99, 15, 'NoSQL', 'Database that provides a mechanism for storage and retrieval of data not using tabular relations', NULL, NULL, '2025-05-19 17:09:25', '2025-05-19 17:09:25'),
(100, 15, 'ACID', 'Atomicity, Consistency, Isolation, Durability - properties of database transactions', NULL, NULL, '2025-05-19 17:09:25', '2025-05-19 17:09:25'),
(101, 15, 'Index', 'A data structure that improves the speed of data retrieval operations', NULL, NULL, '2025-05-19 17:09:25', '2025-05-19 17:09:25'),
(102, 15, 'Normalization', 'Process of organizing data to reduce redundancy and improve integrity', NULL, NULL, '2025-05-19 17:09:25', '2025-05-19 17:09:25'),
(103, 15, 'JOIN', 'SQL clause used to combine rows from two or more tables', NULL, NULL, '2025-05-19 17:09:25', '2025-05-19 17:09:25'),
(104, 16, 'Anatomy', 'Branch of biology concerned with the study of the structure of organisms', NULL, NULL, '2025-05-19 17:09:25', '2025-05-19 17:09:25'),
(105, 16, 'Physiology', 'Branch of biology that deals with the normal functions of living organisms', NULL, NULL, '2025-05-19 17:09:25', '2025-05-19 17:09:25'),
(106, 16, 'Pathology', 'Study of the causes and effects of disease or injury', NULL, NULL, '2025-05-19 17:09:25', '2025-05-19 17:09:25'),
(107, 16, 'Etiology', 'Study of causation or origination of disease', NULL, NULL, '2025-05-19 17:09:25', '2025-05-19 17:09:25'),
(108, 16, 'Diagnosis', 'Identification of the nature of an illness or problem', NULL, NULL, '2025-05-19 17:09:25', '2025-05-19 17:09:25'),
(109, 16, 'Prognosis', 'Forecast of the likely outcome of a disease', NULL, NULL, '2025-05-19 17:09:25', '2025-05-19 17:09:25'),
(110, 16, 'Therapy', 'Treatment intended to relieve or heal a disorder', NULL, NULL, '2025-05-19 17:09:25', '2025-05-19 17:09:25'),
(111, 17, 'CPU', 'Central Processing Unit - the ''brain'' of the computer that executes instructions', NULL, NULL, '2025-05-19 17:09:25', '2025-05-19 17:09:25'),
(112, 17, 'RAM', 'Random Access Memory - temporary storage used by running programs', NULL, NULL, '2025-05-19 17:09:25', '2025-05-19 17:09:25'),
(113, 17, 'Algorithm', 'A step-by-step procedure for solving a problem or accomplishing a task', NULL, NULL, '2025-05-19 17:09:25', '2025-05-19 17:09:25'),
(114, 17, 'Bit', 'The smallest unit of digital information (0 or 1)', NULL, NULL, '2025-05-19 17:09:25', '2025-05-19 17:09:25'),
(115, 17, 'Boolean Logic', 'A form of algebra dealing with true/false values and operations', NULL, NULL, '2025-05-19 17:09:25', '2025-05-19 17:09:25'),
(116, 18, 'SQL', 'Structured Query Language - used to communicate with a relational database', NULL, NULL, '2025-05-19 17:09:25', '2025-05-19 17:09:25'),
(117, 18, 'NoSQL', 'Database that provides a mechanism for storage and retrieval of data not using tabular relations', NULL, NULL, '2025-05-19 17:09:25', '2025-05-19 17:09:25'),
(118, 18, 'ACID', 'Atomicity, Consistency, Isolation, Durability - properties of database transactions', NULL, NULL, '2025-05-19 17:09:25', '2025-05-19 17:09:25'),
(119, 18, 'Index', 'A data structure that improves the speed of data retrieval operations', NULL, NULL, '2025-05-19 17:09:25', '2025-05-19 17:09:25'),
(120, 18, 'Normalization', 'Process of organizing data to reduce redundancy and improve integrity', NULL, NULL, '2025-05-19 17:09:25', '2025-05-19 17:09:25'),
(121, 18, 'JOIN', 'SQL clause used to combine rows from two or more tables', NULL, NULL, '2025-05-19 17:09:25', '2025-05-19 17:09:25'),
(122, 18, 'Foreign Key', 'A field in one table that uniquely identifies a row of another table', NULL, NULL, '2025-05-19 17:09:25', '2025-05-19 17:09:25'),
(123, 19, 'IP Address', 'Numerical label assigned to each device connected to a computer network', NULL, NULL, '2025-05-19 17:09:25', '2025-05-19 17:09:25'),
(124, 19, 'TCP', 'Transmission Control Protocol - provides reliable, ordered, and error-checked delivery of data', NULL, NULL, '2025-05-19 17:09:25', '2025-05-19 17:09:25'),
(125, 19, 'DNS', 'Domain Name System - translates domain names to IP addresses', NULL, NULL, '2025-05-19 17:09:25', '2025-05-19 17:09:25'),
(126, 19, 'HTTP', 'Hypertext Transfer Protocol - foundation of data communication on the web', NULL, NULL, '2025-05-19 17:09:25', '2025-05-19 17:09:25'),
(127, 19, 'Router', 'Networking device that forwards data packets between computer networks', NULL, NULL, '2025-05-19 17:09:25', '2025-05-19 17:09:25'),
(128, 19, 'Firewall', 'Network security system that monitors and controls incoming and outgoing network traffic', NULL, NULL, '2025-05-19 17:09:25', '2025-05-19 17:09:25'),
(129, 19, 'VPN', 'Virtual Private Network - extends a private network across a public network', NULL, NULL, '2025-05-19 17:09:25', '2025-05-19 17:09:25'),
(130, 20, 'IP Address', 'Numerical label assigned to each device connected to a computer network', NULL, NULL, '2025-05-19 17:09:25', '2025-05-19 17:09:25'),
(131, 20, 'TCP', 'Transmission Control Protocol - provides reliable, ordered, and error-checked delivery of data', NULL, NULL, '2025-05-19 17:09:25', '2025-05-19 17:09:25'),
(132, 20, 'DNS', 'Domain Name System - translates domain names to IP addresses', NULL, NULL, '2025-05-19 17:09:25', '2025-05-19 17:09:25'),
(133, 20, 'HTTP', 'Hypertext Transfer Protocol - foundation of data communication on the web', NULL, NULL, '2025-05-19 17:09:25', '2025-05-19 17:09:25'),
(134, 20, 'Router', 'Networking device that forwards data packets between computer networks', NULL, NULL, '2025-05-19 17:09:25', '2025-05-19 17:09:25'),
(135, 20, 'Firewall', 'Network security system that monitors and controls incoming and outgoing network traffic', NULL, NULL, '2025-05-19 17:09:25', '2025-05-19 17:09:25'),
(136, 21, 'Kernel', 'Core component of an operating system with complete control over everything in the system', NULL, NULL, '2025-05-19 17:09:25', '2025-05-19 17:09:25'),
(137, 21, 'Process', 'An instance of a computer program being executed', NULL, NULL, '2025-05-19 17:09:25', '2025-05-19 17:09:25'),
(138, 21, 'Thread', 'A path of execution within a process', NULL, NULL, '2025-05-19 17:09:25', '2025-05-19 17:09:25'),
(139, 21, 'Deadlock', 'A situation where two or more processes are unable to proceed because each is waiting for resources', NULL, NULL, '2025-05-19 17:09:25', '2025-05-19 17:09:25'),
(140, 21, 'Virtual Memory', 'Memory management technique that provides an idealized abstraction of storage resources', NULL, NULL, '2025-05-19 17:09:25', '2025-05-19 17:09:25'),
(141, 21, 'File System', 'Method and data structure that the OS uses to control how data is stored and retrieved', NULL, NULL, '2025-05-19 17:09:25', '2025-05-19 17:09:25'),
(142, 21, 'Semaphore', 'Variable or abstract data type used to control access to a common resource in concurrent programming', NULL, NULL, '2025-05-19 17:09:25', '2025-05-19 17:09:25'),
(143, 22, 'CPU', 'Central Processing Unit - the ''brain'' of the computer that executes instructions', NULL, NULL, '2025-05-19 17:09:25', '2025-05-19 17:09:25'),
(144, 22, 'RAM', 'Random Access Memory - temporary storage used by running programs', NULL, NULL, '2025-05-19 17:09:25', '2025-05-19 17:09:25'),
(145, 22, 'Algorithm', 'A step-by-step procedure for solving a problem or accomplishing a task', NULL, NULL, '2025-05-19 17:09:25', '2025-05-19 17:09:25'),
(146, 22, 'Bit', 'The smallest unit of digital information (0 or 1)', NULL, NULL, '2025-05-19 17:09:25', '2025-05-19 17:09:25'),
(147, 22, 'Boolean Logic', 'A form of algebra dealing with true/false values and operations', NULL, NULL, '2025-05-19 17:09:25', '2025-05-19 17:09:25'),
(148, 22, 'Cache', 'A high-speed storage mechanism for temporary storage of data', NULL, NULL, '2025-05-19 17:09:25', '2025-05-19 17:09:25'),
(149, 22, 'Compiler', 'A program that translates source code into machine code', NULL, NULL, '2025-05-19 17:09:25', '2025-05-19 17:09:25');

